{
  "feature_type": "histogram",
  "input_dim": 256,
  "model_params": {
    "hidden_dim": 512,
    "latent_dim": 128,
    "dropout": 0.1
  },
  "training_params": {
    "learning_rate": 0.001,
    "num_epochs": 50,
    "batch_size": 1
  },
  "epoch_losses": [
    0.8609704524278641,
    0.7478579692542553,
    0.677032545208931,
    0.6330159455537796,
    0.606568731367588,
    0.5848163813352585,
    0.5691608488559723,
    0.5504210572689772,
    0.5413978360593319,
    0.5374915339052677,
    0.5289387870579958,
    0.5220640301704407,
    0.5135529674589634,
    0.5043847132474184,
    0.49743373319506645,
    0.49052480794489384,
    0.4852740578353405,
    0.4829738885164261,
    0.4841520842164755,
    0.4812905453145504,
    0.4815711993724108,
    0.47862811014056206,
    0.47575584799051285,
    0.4774578809738159,
    0.4679036494344473,
    0.46097785606980324,
    0.4547302331775427,
    0.45152840577065945,
    0.44695988297462463,
    0.44455885514616966,
    0.4416920058429241,
    0.4407776892185211,
    0.43939316272735596,
    0.43994308449327946,
    0.44047027826309204,
    0.44083197601139545,
    0.439970888197422,
    0.4373461492359638,
    0.4348210860043764,
    0.4317205213010311,
    0.4294602368026972,
    0.4300619810819626,
    0.42769696936011314,
    0.43014105409383774,
    0.4243731964379549,
    0.4214762169867754,
    0.42081652767956257,
    0.41952853091061115,
    0.41760645247995853,
    0.417840201407671
  ],
  "final_loss": 0.417840201407671,
  "num_training_graphs": 16
}