{
  "window_sizes": {
    "k=1": 0.45365888000858234,
    "k=2": 0.4611901920291799,
    "k=3": 0.459685773480663,
    "k=5": 0.46361402403046714
  },
  "edge_weighting": {
    "binary": 0.4705268063079976,
    "similarity": 0.4674836064474602
  }
}